instrument,instrument_name,scale,cutoff,label,recommended,sensitivity,specificity,target,comparison,reference_standard,n_cases,n_noncases,setting,figure_type,source,verified,notes
aq_child,"Autism-Spectrum Quotient (Child, AQ-Child)",Total,≥ 66,,,99%,90%,Autism (AS/HFA or autism),non-clinical controls,"Clinical diagnosis (parent-reported, DSM-IV)",540,1225,"UK children 4-11; controls from Cambridgeshire primary schools, cases recruited online",printed,"Auyeung, Baron-Cohen, Wheelwright & Allison (2008). J Autism Dev Disord 38:1230–1240.",,Sens/spec Added 2026-09-24 from registry.js; not yet checked against the paper for this log.
aq_child,"Autism-Spectrum Quotient (Child, AQ-Child)",Total,≥ 76,,yes,95%,95%,Autism (AS/HFA or autism),non-clinical controls,"Clinical diagnosis (parent-reported, DSM-IV)",540,1225,"UK children 4-11; controls from Cambridgeshire primary schools, cases recruited online",printed,"Auyeung, Baron-Cohen, Wheelwright & Allison (2008). J Autism Dev Disord 38:1230–1240.",,Sens/spec Added 2026-09-24 from registry.js; not yet checked against the paper for this log.
aq_child,"Autism-Spectrum Quotient (Child, AQ-Child)",Total,≥ 86,,,86%,98%,Autism (AS/HFA or autism),non-clinical controls,"Clinical diagnosis (parent-reported, DSM-IV)",540,1225,"UK children 4-11; controls from Cambridgeshire primary schools, cases recruited online",printed,"Auyeung, Baron-Cohen, Wheelwright & Allison (2008). J Autism Dev Disord 38:1230–1240.",,Sens/spec Added 2026-09-24 from registry.js; not yet checked against the paper for this log.
aq_adolescent,Autism-Spectrum Quotient (Adolescent),Total,≥ 30,recommended adolescent cut-off; 0% of controls scored >=30,yes,89.3%,100%,Autism (AS/HFA or classic autism),non-clinical controls,"Clinical diagnosis (parent-reported, DSM-IV)",131,50,UK adolescents 10-16; controls from East Anglia mainstream schools,derived,"Baron-Cohen, Hoekstra, Knickmeyer & Wheelwright (2006). J Autism Dev Disord 36(3):343–350.",Yes,Not a ROC analysis. Sensitivity is the paper's own mean % of the AS/HFA (n=52) and autism (n=79) groups scoring 30+; specificity is derived from none of the 50 controls scoring 30+. Checked 2026-09-29.
aq_adolescent,Autism-Spectrum Quotient (Adolescent),Total,≥ 32,adult-equivalent cut-off,,82.4%,100%,Autism (AS/HFA or classic autism),non-clinical controls,"Clinical diagnosis (parent-reported, DSM-IV)",131,50,UK adolescents 10-16; controls from East Anglia mainstream schools,derived,"Baron-Cohen, Hoekstra, Knickmeyer & Wheelwright (2006). J Autism Dev Disord 36(3):343–350.",Yes,"Derived, not printed: sensitivity pools the printed group rates (AS/HFA 80.8% of 52, autism 83.5% of 79) = 108/131; specificity from none of the 50 controls scoring 32+. Checked 2026-09-29."
aq_adult,"Autism-Spectrum Quotient (Adult, AQ-50)",Total,≥ 32,clinical,,79.3%,97.7%,Autism (AS/HFA),non-clinical controls,"Clinical diagnosis (self-reported, DSM-IV)",58,174,UK adults; controls a random postal sample from East Anglia,derived,"Baron-Cohen, Wheelwright, Skinner, Martin & Clubley (2001). J Autism Dev Disord 31:5–17.",,Baron-Cohen et al. 2001; originally 80% of AS/HFA >=32 vs 2% controls; Sens/spec Added 2026-09-24 from registry.js; not yet checked against the paper for this log.
aq_adult,"Autism-Spectrum Quotient (Adult, AQ-50)",Total,≥ 26,High-sensitivity referral threshold,,94.5%,51.9%,Asperger syndrome (DSM-IV),clinic referrals,"Clinical diagnosis (two clinicians, DSM-IV)",73,27,"UK adults, Cambridge adult Asperger diagnostic clinic (CLASS)",printed,Woodbury-Smith et al. (2005),Yes,"Clinic sample of 100 suspected-Asperger referrals (73% base rate); low specificity reflects referred, not healthy, controls. Checked 2026-09-29 against Table II (94.52% / 51.85%)."
aq_adult,"Autism-Spectrum Quotient (Adult, AQ-50)",Total,≥ 30,Balanced threshold,,85.6%,99.2%,"Autism (DSM-5 ASD, IQ>70)",non-clinical controls,"Clinical diagnosis (self-reported, practitioner details given)",104,129,"Australian adults 16-65, Melbourne; controls recruited by word of mouth",printed,"Broadbent et al. (2013), printed as >29",,"104 diagnosed ASD (IQ>70) vs 129 community adults (the abstract says 128; Table 5 percentages fit 129), Australia. Checked 2026-10-02 against the rendered Table 5: row >29 (bold) is 85.6% / 99.2%."
aq_adult,"Autism-Spectrum Quotient (Adult, AQ-50)",Total,≥ 30,Clinic referrals,,83.6%,70.4%,Asperger syndrome (DSM-IV),clinic referrals,"Clinical diagnosis (two clinicians, DSM-IV)",73,27,"UK adults, Cambridge adult Asperger diagnostic clinic (CLASS)",printed,"Woodbury-Smith M, Robinson J, Wheelwright S & Baron-Cohen S (2005). J Autism Dev Disord 35(3):331–335.",Yes,"Table II, 100 consecutive suspected-Asperger referrals (73 diagnosed). Contrast with the community-control figures above. Checked 2026-09-29."
aq_adult,"Autism-Spectrum Quotient (Adult, AQ-50)",Total,≥ 32,Clinic referrals,,76.7%,74.1%,Asperger syndrome (DSM-IV),clinic referrals,"Clinical diagnosis (two clinicians, DSM-IV)",73,27,"UK adults, Cambridge adult Asperger diagnostic clinic (CLASS)",printed,"Woodbury-Smith M, Robinson J, Wheelwright S & Baron-Cohen S (2005). J Autism Dev Disord 35(3):331–335.",Yes,"Table II, same clinic sample. Checked 2026-09-29."
aq_adult,"Autism-Spectrum Quotient (Adult, AQ-50)",Total,≥ 26,Adult autism clinic referrals,,0.88,0.20,Autism (ICD-10 ASD),clinic referrals,"Clinical diagnosis (expert clinicians, ICD-10, ADOS-G/ADI-R informed)",,,"UK adults, national adult autism diagnostic service (London)",printed,"Ashwood KL, Gillan N, Horder J, Hayward H, Woodhouse E, McEwen FS, et al. (2016). Psychological Medicine 46(12):2595–2604.",Yes,"Table 2, self-report AQ-50, n=453 consecutive referrals to a national adult autism service against clinical diagnosis. Checked 2026-09-29."
aq_adult,"Autism-Spectrum Quotient (Adult, AQ-50)",Total,≥ 32,Adult autism clinic referrals,,0.71,0.35,Autism (ICD-10 ASD),clinic referrals,"Clinical diagnosis (expert clinicians, ICD-10, ADOS-G/ADI-R informed)",,,"UK adults, national adult autism diagnostic service (London)",printed,"Ashwood KL, Gillan N, Horder J, Hayward H, Woodhouse E, McEwen FS, et al. (2016). Psychological Medicine 46(12):2595–2604.",Yes,"Table 2, same sample. Checked 2026-09-29."
cati,Comprehensive Autistic Trait Inventory,Total,≥ 147.5,Classification threshold,yes,77.2%,87.4%,Autism (self-reported formal diagnosis),non-clinical controls,Clinical diagnosis (self-reported),737,1279,"English-speaking adults online (mainly UK, US, Australia, Canada, NZ), Prolific and social media",printed,"English & Poulsen et al. (2025), Autism, Table 6.",Yes,"95% CI 140.5–150.5. Formally diagnosed autistic adults (n=737) vs non-autistic adults (n=1,279); self-identifying participants were NOT part of this analysis, although they are in the paper's norms. Checked 2026-09-29."
asrs,Adult ADHD Self-Report Scale (ASRS v1.1),Part A screener (6 items),≥ 4 of 6 shaded,Positive screen,yes,68.7%,99.5%,Adult ADHD,population sample,"Blind clinician interview (semi-structured DSM-IV adult ADHD interview plus ADHD-RS, by telephone)",,,"US adults aged 18 to 44, NCS-R household survey calibration subsample (n=154, weighted)",printed,Kessler et al. (2005),Yes,Kessler 2005 prints 68.7% / 99.5% (unweighted six-question screener). Previously logged here rounded to 69% / 100%. Checked 2026-09-29.
sad_child,Severity Measure for Social Anxiety Disorder (Social Phobia). Child age 11–17,Average total score,0,None,,,,,,,,,,,"Craske, Wittchen, Bögels, Stein, Andrews & LeBeau; © 2013 American Psychiatric Association (DSM-5 emerging measures).",,severity anchor (round average)
sad_child,Severity Measure for Social Anxiety Disorder (Social Phobia). Child age 11–17,Average total score,1,Mild,,,,,,,,,,,"Craske, Wittchen, Bögels, Stein, Andrews & LeBeau; © 2013 American Psychiatric Association (DSM-5 emerging measures).",,severity anchor (round average)
sad_child,Severity Measure for Social Anxiety Disorder (Social Phobia). Child age 11–17,Average total score,2,Moderate,,,,,,,,,,,"Craske, Wittchen, Bögels, Stein, Andrews & LeBeau; © 2013 American Psychiatric Association (DSM-5 emerging measures).",,severity anchor (round average)
sad_child,Severity Measure for Social Anxiety Disorder (Social Phobia). Child age 11–17,Average total score,3,Severe,,,,,,,,,,,"Craske, Wittchen, Bögels, Stein, Andrews & LeBeau; © 2013 American Psychiatric Association (DSM-5 emerging measures).",,severity anchor (round average)
sad_child,Severity Measure for Social Anxiety Disorder (Social Phobia). Child age 11–17,Average total score,4,Extreme,,,,,,,,,,,"Craske, Wittchen, Bögels, Stein, Andrews & LeBeau; © 2013 American Psychiatric Association (DSM-5 emerging measures).",,severity anchor (round average)
vand_parent,NICHQ Vanderbilt Assessment Scale. Parent Informant,Predominantly Inattentive,≥ 6 symptoms (rated 2–3),+ performance impairment,,,,,,,,,,,Wolraich ML et al.; American Academy of Pediatrics & NICHQ (2002). NICHQ Vanderbilt Assessment Scales.,,
vand_parent,NICHQ Vanderbilt Assessment Scale. Parent Informant,Hyperactive / Impulsive,≥ 6 symptoms (rated 2–3),+ performance impairment,,,,,,,,,,,Wolraich ML et al.; American Academy of Pediatrics & NICHQ (2002). NICHQ Vanderbilt Assessment Scales.,,
vand_parent,NICHQ Vanderbilt Assessment Scale. Parent Informant,Oppositional-Defiant screen,≥ 4 symptoms (rated 2–3),+ performance impairment,,0.77,0.88,ODD,mixed,Structured interview (parent DISC-IV),56,159,"Cincinnati children aged 7 to 11, stimulant-naive, recruited by advertisement (with and without attention problems)",printed,"Becker SP, Langberg JM, Vaughn AJ & Epstein JN (2012). Clinical utility of the Vanderbilt ADHD Diagnostic Parent Rating Scale comorbidity screening scales. J Dev Behav Pediatr 33(3):221–228.",Yes,"Table 3, the AAP/NICHQ rule exactly as the app scores it (symptoms rated 2 or 3, plus at least one performance item rated 4 or 5), predicting ODD on the DISC-IV. 215 children aged 7–11 (142 with ADHD), recruited through newspaper adverts and flyers to local schools and practitioners. Checked 2026-09-29."
vand_parent,NICHQ Vanderbilt Assessment Scale. Parent Informant,Conduct Disorder screen,≥ 3 symptoms (rated 2–3),+ performance impairment,,0.67,0.96,Conduct disorder,mixed,Structured interview (parent DISC-IV),9,206,"Cincinnati children aged 7 to 11, stimulant-naive, recruited by advertisement (with and without attention problems)",printed,"Becker SP, Langberg JM, Vaughn AJ & Epstein JN (2012). Clinical utility of the Vanderbilt ADHD Diagnostic Parent Rating Scale comorbidity screening scales. J Dev Behav Pediatr 33(3):221–228.",Yes,"Table 3, the AAP/NICHQ rule exactly as the app scores it (symptoms rated 2 or 3, plus at least one performance item rated 4 or 5), predicting conduct disorder on the DISC-IV. 215 children aged 7–11 (142 with ADHD), recruited through newspaper adverts and flyers to local schools and practitioners. Checked 2026-09-29."
vand_parent,NICHQ Vanderbilt Assessment Scale. Parent Informant,Anxiety / Depression screen,≥ 3 symptoms (rated 2–3),+ performance impairment,,0.46,0.88,Anxiety or depression,mixed,Structured interview (parent DISC-IV),26,189,"Cincinnati children aged 7 to 11, stimulant-naive, recruited by advertisement (with and without attention problems)",printed,"Becker SP, Langberg JM, Vaughn AJ & Epstein JN (2012). Clinical utility of the Vanderbilt ADHD Diagnostic Parent Rating Scale comorbidity screening scales. J Dev Behav Pediatr 33(3):221–228.",Yes,"Table 3, the AAP/NICHQ rule exactly as the app scores it (symptoms rated 2 or 3, plus at least one performance item rated 4 or 5), predicting an anxiety or depressive disorder on the DISC-IV. 215 children aged 7–11 (142 with ADHD), recruited through newspaper adverts and flyers to local schools and practitioners. Checked 2026-09-29."
vand_parent,NICHQ Vanderbilt Assessment Scale. Parent Informant,Any ADHD (6+ inattentive OR 6+ hyperactive/impulsive symptoms),"≥ 6 symptoms (rated 2–3), no impairment required",Against the study ADHD case definition,,0.80,0.75,ADHD,population sample,Study case definition (parent DISC-IV-P ADHD plus 4+ teacher Vanderbilt symptoms and 1+ teacher impairment item),,,"Oklahoma school children (two-stage school-based prevalence studies, parent interview subsample, design-weighted)",printed,"Bard DE, Wolraich ML, Neas B, Doffing M & Beck L (2013). The psychometric properties of the Vanderbilt ADHD Diagnostic Parent Rating Scale in a community population. J Dev Behav Pediatr 34(2):72–82.",Yes,"Table 8. Community sample (Oklahoma schools); the case definition combined parent DISC-IV and teacher Vanderbilt ratings. The classifier counts symptoms only, so it is looser than the app's screens, which also require impairment. PPV .19 at 7% prevalence. Checked 2026-09-29."
vand_parent,NICHQ Vanderbilt Assessment Scale. Parent Informant,Any ADHD (6+ inattentive OR 6+ hyperactive/impulsive symptoms),"≥ 6 symptoms (rated 2–3), no impairment required",Against parent DISC-IV ADHD,,0.67,0.86,ADHD,population sample,"Structured interview (parent DISC-IV-P, past year)",,,"Oklahoma school children (two-stage school-based prevalence studies, parent interview subsample, design-weighted)",printed,"Bard DE, Wolraich ML, Neas B, Doffing M & Beck L (2013). The psychometric properties of the Vanderbilt ADHD Diagnostic Parent Rating Scale in a community population. J Dev Behav Pediatr 34(2):72–82.",Yes,"Table 8, same sample and classifier, against the parent structured interview alone. Checked 2026-09-29."
vand_teacher,NICHQ Vanderbilt Assessment Scale. Teacher Informant,Predominantly Inattentive,≥ 6 symptoms (rated 2–3),+ performance impairment,,,,,,,,,,,Wolraich ML et al.; American Academy of Pediatrics & NICHQ (2002). NICHQ Vanderbilt Assessment Scales.,,
vand_teacher,NICHQ Vanderbilt Assessment Scale. Teacher Informant,Hyperactive / Impulsive,≥ 6 symptoms (rated 2–3),+ performance impairment,,,,,,,,,,,Wolraich ML et al.; American Academy of Pediatrics & NICHQ (2002). NICHQ Vanderbilt Assessment Scales.,,
vand_teacher,NICHQ Vanderbilt Assessment Scale. Teacher Informant,Oppositional-Defiant / Conduct screen,≥ 3 symptoms (rated 2–3),+ performance impairment,,,,,,,,,,,Wolraich ML et al.; American Academy of Pediatrics & NICHQ (2002). NICHQ Vanderbilt Assessment Scales.,,
vand_teacher,NICHQ Vanderbilt Assessment Scale. Teacher Informant,Anxiety / Depression screen,≥ 3 symptoms (rated 2–3),+ performance impairment,,,,,,,,,,,Wolraich ML et al.; American Academy of Pediatrics & NICHQ (2002). NICHQ Vanderbilt Assessment Scales.,,
vand_teacher,NICHQ Vanderbilt Assessment Scale. Teacher Informant,ADHD risk indicator (rule not stated in the paper),ADHD risk indicator,Against the study ADHD case definition,,0.69,0.84,ADHD,population sample,Study case definition (parent DISC-IV-P ADHD plus SDQ inattentive and hyperactive symptom counts and SDQ impairment),,,"Oklahoma school children (ADHD prevalence study, parent interview subsample, design-weighted)",printed,"Wolraich ML, Bard DE, Neas B, Doffing M & Beck L (2013). The psychometric properties of the Vanderbilt ADHD Diagnostic Teacher Rating Scale in a community population. J Dev Behav Pediatr 34(2):83–93.",Yes,"Table 4 (0.687 / 0.835), n=370 community sample. The paper does not define its teacher ADHD risk indicator; the companion parent paper uses 6+ inattentive or 6+ hyperactive/impulsive symptoms without impairment, so it probably matches that, but this is unconfirmed. Checked 2026-09-29."
vand_teacher,NICHQ Vanderbilt Assessment Scale. Teacher Informant,ADHD risk indicator (rule not stated in the paper),ADHD risk indicator,Against parent DISC-IV ADHD,,0.44,0.85,ADHD,population sample,"Structured interview (parent DISC-IV-P, past year)",,,"Oklahoma school children (ADHD prevalence study, parent interview subsample, design-weighted)",printed,"Wolraich ML, Bard DE, Neas B, Doffing M & Beck L (2013). The psychometric properties of the Vanderbilt ADHD Diagnostic Teacher Rating Scale in a community population. J Dev Behav Pediatr 34(2):83–93.",Yes,"Table 4 (0.443 / 0.848), n=370. Teacher ratings against a parent-only interview, so low agreement is expected. Checked 2026-09-29."
wfirs_p,Weiss Functional Impairment Rating Scale (parent report),Overall (avg of 6 domain means),>= 0.65,ADHD screen positive,yes,0.83,0.85,ADHD,non-clinical controls,Parent-reported physician diagnosis of ADHD (not verified by the study),476,202,"Parents of 5 to 19 year olds, convenience samples from 8 countries (UK, US, Germany, Spain, Canada, France, Italy, Netherlands), postal survey",printed,"Thompson, Lloyd, Joseph & Weiss (2017), Qual Life Res 26:1879–1885",Yes,Overall = average of the six domain scores (p.1881); AUC 0.91; no significant difference by sex or age (5-12 vs 13-19); sample ages 5-19
wfirs_p,Weiss Functional Impairment Rating Scale (parent report),Family,>= 0.75,,,0.84,0.78,ADHD,non-clinical controls,Parent-reported physician diagnosis of ADHD (not verified by the study),476,202,"Parents of 5 to 19 year olds, convenience samples from 8 countries (UK, US, Germany, Spain, Canada, France, Italy, Netherlands), postal survey",printed,"Thompson, Lloyd, Joseph & Weiss (2017), Qual Life Res 26:1879–1885",Yes,Table 2 per-domain optimal threshold (ADHD vs control); AUC 0.88. Youden J in the table equals sens + spec − 1 for every row. Checked 2026-09-29.
wfirs_p,Weiss Functional Impairment Rating Scale (parent report),School and learning,>= 0.7,,,0.86,0.78,ADHD,non-clinical controls,Parent-reported physician diagnosis of ADHD (not verified by the study),476,202,"Parents of 5 to 19 year olds, convenience samples from 8 countries (UK, US, Germany, Spain, Canada, France, Italy, Netherlands), postal survey",printed,"Thompson, Lloyd, Joseph & Weiss (2017), Qual Life Res 26:1879–1885",Yes,Table 2 per-domain optimal threshold (ADHD vs control); AUC 0.90. Youden J in the table equals sens + spec − 1 for every row. Checked 2026-09-29.
wfirs_p,Weiss Functional Impairment Rating Scale (parent report),Life skills,>= 0.78,,,0.75,0.81,ADHD,non-clinical controls,Parent-reported physician diagnosis of ADHD (not verified by the study),476,202,"Parents of 5 to 19 year olds, convenience samples from 8 countries (UK, US, Germany, Spain, Canada, France, Italy, Netherlands), postal survey",printed,"Thompson, Lloyd, Joseph & Weiss (2017), Qual Life Res 26:1879–1885",Yes,Table 2 per-domain optimal threshold (ADHD vs control); AUC 0.86. Youden J in the table equals sens + spec − 1 for every row. Checked 2026-09-29.
wfirs_p,Weiss Functional Impairment Rating Scale (parent report),Self-concept,>= 1,,,0.85,0.66,ADHD,non-clinical controls,Parent-reported physician diagnosis of ADHD (not verified by the study),476,202,"Parents of 5 to 19 year olds, convenience samples from 8 countries (UK, US, Germany, Spain, Canada, France, Italy, Netherlands), postal survey",printed,"Thompson, Lloyd, Joseph & Weiss (2017), Qual Life Res 26:1879–1885",Yes,Table 2 per-domain optimal threshold (ADHD vs control); AUC 0.81. Youden J in the table equals sens + spec − 1 for every row. Checked 2026-09-29.
wfirs_p,Weiss Functional Impairment Rating Scale (parent report),Social activities,>= 0.71,,,0.79,0.75,ADHD,non-clinical controls,Parent-reported physician diagnosis of ADHD (not verified by the study),476,202,"Parents of 5 to 19 year olds, convenience samples from 8 countries (UK, US, Germany, Spain, Canada, France, Italy, Netherlands), postal survey",printed,"Thompson, Lloyd, Joseph & Weiss (2017), Qual Life Res 26:1879–1885",Yes,Table 2 per-domain optimal threshold (ADHD vs control); AUC 0.84. Youden J in the table equals sens + spec − 1 for every row. Checked 2026-09-29.
wfirs_p,Weiss Functional Impairment Rating Scale (parent report),Risky activities,>= 0.22,,,0.75,0.81,ADHD,non-clinical controls,Parent-reported physician diagnosis of ADHD (not verified by the study),476,202,"Parents of 5 to 19 year olds, convenience samples from 8 countries (UK, US, Germany, Spain, Canada, France, Italy, Netherlands), postal survey",printed,"Thompson, Lloyd, Joseph & Weiss (2017), Qual Life Res 26:1879–1885",Yes,Table 2 per-domain optimal threshold (ADHD vs control); AUC 0.85. Youden J in the table equals sens + spec − 1 for every row. Checked 2026-09-29.
snap_parent,SNAP-IV 26-item (parent report),Inattention (items 1–9),≥ 13 of 27,Suggested target / mild threshold,yes,,,,,,,,,,Swanson JM (1992); SNAP-IV 26-item scale with scoring guide (OHSU copy; PDF dated 2022),Yes,"Bands: <13 not significant, 13–17 mild, 18–22 moderate, 23–27 severe; same bands for teacher form"
snap_parent,SNAP-IV 26-item (parent report),Hyperactivity / Impulsivity (items 10–18),≥ 13 of 27,Suggested target / mild threshold,yes,,,,,,,,,,Swanson JM (1992); SNAP-IV 26-item scale with scoring guide (OHSU copy; PDF dated 2022),Yes,"Bands: <13 not significant, 13–17 mild, 18–22 moderate, 23–27 severe; same bands for teacher form"
snap_parent,SNAP-IV 26-item (parent report),Opposition / Defiance (items 19–26),≥ 8 of 24,Suggested target / mild threshold,yes,,,,,,,,,,Swanson JM (1992); SNAP-IV 26-item scale with scoring guide (OHSU copy; PDF dated 2022),Yes,"Bands: <8 not significant, 8–13 mild, 14–18 moderate, 19–24 severe; same bands for teacher form"
lsas,Liebowitz Social Anxiety Scale (Self-Report),Total,≥ 30,Possible social anxiety disorder,yes,94.8%,88.7%,Social anxiety disorder,non-clinical controls,Structured interview (ADIS-IV-L or SCID),291,53,"US anxiety clinics, treatment-seeking adults",derived,"Rytwinski NK, Fresco DM, Heimberg RG, Coles ME, Liebowitz MR, Cissell S, Stein MB & Hofmann SG (2009). Screening for social anxiety disorder with the self-report version of the Liebowitz Social Anxiety Scale. Depression and Anxiety 26:34–38.",Yes,"Self-report LSAS-SR, the version the app runs: 291 treatment-seeking patients with clinician-assessed SAD vs 53 controls free of current Axis I disorder, AUC .98. Derived from the printed counts (276/291 cases, 47/53 controls correctly classified). Drives the amber result colour in the app. Checked 2026-09-29."
lsas,Liebowitz Social Anxiety Scale (Self-Report),Total (clinician-administered LSAS),≥ 30,Possible social anxiety disorder,,93.3%,94.1%,Social anxiety disorder,non-clinical controls,"Structured interview (ADIS-R/ADIS-IV-L, SADS-LA or SCID)",364,34,"US specialty anxiety clinics, treatment-seeking adults",printed,"Mennin, Fresco, Heimberg, Schneier, Davies & Liebowitz (2002), J Anxiety Disord 16:661-673",Yes,"364 SAD vs 34 non-anxious controls, AUC .98. For the clinician-rated version; kept for comparison with the self-report figures above. Checked 2026-09-29."
lsas,Liebowitz Social Anxiety Scale (Self-Report),Total,≥ 60,High likelihood of generalized social anxiety,,82.5%,78.4%,Generalized SAD subtype,within-disorder,Structured interview (ADIS-IV-L or SCID),240,51,"US anxiety clinics, treatment-seeking adults with SAD",derived,"Rytwinski NK, Fresco DM, Heimberg RG, Coles ME, Liebowitz MR, Cissell S, Stein MB & Hofmann SG (2009). Screening for social anxiety disorder with the self-report version of the Liebowitz Social Anxiety Scale. Depression and Anxiety 26:34–38.",Yes,"Self-report LSAS-SR: 240 generalized vs 51 non-generalized SAD, AUC .86. Derived from the printed counts (198/240 generalized, 40/51 non-generalized correctly classified). Drives the red result colour in the app. Checked 2026-09-29."
lsas,Liebowitz Social Anxiety Scale (Self-Report),Total (clinician-administered LSAS),≥ 60,High likelihood of generalized social anxiety,,72.5%,73.5%,Generalized SAD subtype,within-disorder,"Structured interview (ADIS-R/ADIS-IV-L, SADS-LA or SCID)",262,102,"US specialty anxiety clinics, treatment-seeking adults with SAD",printed,"Mennin, Fresco, Heimberg, Schneier, Davies & Liebowitz (2002), J Anxiety Disord 16:661-673",Yes,"262 generalized vs 102 non-generalized SAD, AUC .82. For the clinician-rated version; kept for comparison with the self-report figures above. Checked 2026-09-29."
lsas,Liebowitz Social Anxiety Scale (Self-Report),Severity label,0-29,Minimal,,,,,,,,,,,National Social Anxiety Center interpretation table (reproduced by Embrace Autism). No validation study behind the boundaries; a competing table in equally wide circulation puts Moderate at 55-64.,,"Label only. Deliberately does NOT drive the result colour, see BAND_DESCRIPTOR_AUDIT.md section 4.3."
lsas,Liebowitz Social Anxiety Scale (Self-Report),Severity label,30-49,Mild,,,,,,,,,,,National Social Anxiety Center interpretation table (reproduced by Embrace Autism). No validation study behind the boundaries; a competing table in equally wide circulation puts Moderate at 55-64.,,Label only. Not a published band edge.
lsas,Liebowitz Social Anxiety Scale (Self-Report),Severity label,50-64,Moderate,,,,,,,,,,,National Social Anxiety Center interpretation table (reproduced by Embrace Autism). No validation study behind the boundaries; a competing table in equally wide circulation puts Moderate at 55-64.,,Label only. The competing table starts Moderate at 55.
lsas,Liebowitz Social Anxiety Scale (Self-Report),Severity label,65-79,Marked,,,,,,,,,,,National Social Anxiety Center interpretation table (reproduced by Embrace Autism). No validation study behind the boundaries; a competing table in equally wide circulation puts Moderate at 55-64.,,Label only. 65 is not a published threshold.
lsas,Liebowitz Social Anxiety Scale (Self-Report),Severity label,80-94,Severe,,,,,,,,,,,National Social Anxiety Center interpretation table (reproduced by Embrace Autism). No validation study behind the boundaries; a competing table in equally wide circulation puts Moderate at 55-64.,,Label only.
lsas,Liebowitz Social Anxiety Scale (Self-Report),Severity label,95+,Very severe,,,,,,,,,,,National Social Anxiety Center interpretation table (reproduced by Embrace Autism). No validation study behind the boundaries; a competing table in equally wide circulation puts Moderate at 55-64.,,Label only.
oci_cv_r,"Obsessive-Compulsive Inventory, Child Version – Revised (OCI-CV-R)",Total,≥ 6,Optimal vs non-clinical controls,yes,86%,76%,OCD,non-clinical controls,"Semi-structured interview (K-SADS-PL, ADIS-IV-C/P or SOCOBS)",489,260,"US, Australian and Canadian youth aged 6-17 (clinic, hospital and community recruitment)",printed,"Abramovitch A, Abramowitz JS, McKay D, Cham H, Anderson KS, Farrell L, Geller DA, Hanna GL, Mathieu S, McGuire JF, Rosenberg DR, Stewart SE, Storch EA & Wilhelm S (2022). The OCI-CV-R: A Revision of the Obsessive-Compulsive Inventory – Child Version. Journal of Anxiety Disorders 86:102532.",Yes,"Abramovitch et al. 2022, Results — the total cut-off with the best balance of sensitivity (86%) and specificity (76%) separating youth with OCD from children with no psychiatric diagnosis; overall classification accuracy 83%, diagnostic odds ratio 20.8. This is the cut-off the paper recommends. Verified 2026-08-04 against the Results section (pp.8-9). CORROBORATED 2026-08-05 against supplementary Table S1: this cut-off is row 5.5 of that table (sensitivity .866, specificity .763), which reproduces every figure the paper prints for it - 86%, 76%, 83% overall accuracy (exact on 489 OCD + 260 NCC), NLR 0.18 and DOR 20.8."
oci_cv_r,"Obsessive-Compulsive Inventory, Child Version – Revised (OCI-CV-R)",Total,≥ 8,Optimal vs clinical controls (other diagnoses),,78.2%,66.8%,OCD,clinical controls,"Semi-structured interview (K-SADS-PL, ADIS-IV-C/P or SOCOBS)",489,298,"US, Australian and Canadian youth aged 6-17; controls had anxiety or developmental disorders (not OCD or autism)",printed,"Abramovitch A, Abramowitz JS, McKay D, Cham H, Anderson KS, Farrell L, Geller DA, Hanna GL, Mathieu S, McGuire JF, Rosenberg DR, Stewart SE, Storch EA & Wilhelm S (2022). The OCI-CV-R: A Revision of the Obsessive-Compulsive Inventory – Child Version. Journal of Anxiety Disorders 86:102532.",Yes,"Abramovitch et al. 2022, Results — the total cut-off with the best balance separating youth with OCD from youth carrying OTHER psychiatric diagnoses (sensitivity 78.2%, specificity 66.8%, from supplementary Table S2 row 7.5; the Results text prints 73%/70%). Use this one when the differential is OCD versus another anxiety or developmental condition rather than OCD versus nothing. Verified 2026-08-04 against the Results section (pp.8-9). DISCREPANCY, resolved 2026-08-05: the paper prints a diagnostic odds ratio of 7.2 for this cut-off, but 73% and 70% imply 6.1. Supplementary Table S2 explains why - its rows are ROC midpoints, so the paper's ""8 or higher"" is row 7.5 (sens .782, spec .668), which does reproduce its PLR 2.34, NLR 0.33 and DOR 7.2, while the 73%/70% it quotes are row 8.5, i.e. 9 or higher. Ryan first kept the printed 73%/70%; revised 2026-10-02 after checking the publisher supplement: the app now carries 78.2%/66.8% (row 7.5)."
ocir,Obsessive-Compulsive Inventory-Revised (OCI-R),Severity band,0-15,Mild,,,,,,,,,,,"Severity benchmarks: Abramovitch, Abramowitz, Riemann & McKay (2020), J Obsessive-Compulsive Relat Disord 27:100557, Fig. 3 — derived on 1,339 treatment-seeking adults with OCD by calibrating OCI-R totals against the Y-BOCS severity groups of Storch et al. (2015).",Yes,"Severity benchmark, NOT a screening cut-off. These benchmarks were derived entirely within a sample of people already diagnosed with OCD, by calibrating OCI-R totals against Y-BOCS severity. They describe where a total sits on the OCD severity continuum; they do not establish that OCD is present. The authors report that accuracy falls away at the top of the range (the moderate-severe versus severe boundary managed 53% sensitivity and 51% specificity, AUC .58) and advise that severity should not be judged from the OCI-R alone. Verified 2026-08-04 by scripts/diff_ocir.py against both source PDFs; 116/116 assertions pass."
ocir,Obsessive-Compulsive Inventory-Revised (OCI-R),Severity band,16-27,Moderate,,,,,,,,,,,"Severity benchmarks: Abramovitch, Abramowitz, Riemann & McKay (2020), J Obsessive-Compulsive Relat Disord 27:100557, Fig. 3 — derived on 1,339 treatment-seeking adults with OCD by calibrating OCI-R totals against the Y-BOCS severity groups of Storch et al. (2015).",Yes,"Severity benchmark, NOT a screening cut-off. These benchmarks were derived entirely within a sample of people already diagnosed with OCD, by calibrating OCI-R totals against Y-BOCS severity. They describe where a total sits on the OCD severity continuum; they do not establish that OCD is present. The authors report that accuracy falls away at the top of the range (the moderate-severe versus severe boundary managed 53% sensitivity and 51% specificity, AUC .58) and advise that severity should not be judged from the OCI-R alone. Verified 2026-08-04 by scripts/diff_ocir.py against both source PDFs; 116/116 assertions pass."
ocir,Obsessive-Compulsive Inventory-Revised (OCI-R),Severity band,28-72,Severe,,,,,,,,,,,"Severity benchmarks: Abramovitch, Abramowitz, Riemann & McKay (2020), J Obsessive-Compulsive Relat Disord 27:100557, Fig. 3 — derived on 1,339 treatment-seeking adults with OCD by calibrating OCI-R totals against the Y-BOCS severity groups of Storch et al. (2015).",Yes,"Severity benchmark, NOT a screening cut-off. These benchmarks were derived entirely within a sample of people already diagnosed with OCD, by calibrating OCI-R totals against Y-BOCS severity. They describe where a total sits on the OCD severity continuum; they do not establish that OCD is present. The authors report that accuracy falls away at the top of the range (the moderate-severe versus severe boundary managed 53% sensitivity and 51% specificity, AUC .58) and advise that severity should not be judged from the OCI-R alone. Verified 2026-08-04 by scripts/diff_ocir.py against both source PDFs; 116/116 assertions pass."
ocir,Obsessive-Compulsive Inventory-Revised (OCI-R),Total,≥ 21,Optimal vs nonanxious controls,yes,65.6%,63.9%,OCD,non-clinical controls,"Clinical diagnosis (expert clinician, Y-BOCS)",215,477,"US anxiety clinic adults (CTSA, Philadelphia) vs US undergraduates",printed,"Foa EB, Huppert JD, Leiberg S, Langner R, Kichic R, Hajcak G & Salkovskis PM (2002). The Obsessive-Compulsive Inventory: development and validation of a short version. Psychological Assessment 14(4):485–496. Severity benchmarks and the OCD reference sample: Abramovitch A, Abramowitz JS, Riemann BC & McKay D (2020). Severity benchmarks and contemporary clinical norms for the Obsessive-Compulsive Inventory-Revised (OCI-R). J Obsessive-Compulsive Relat Disord 27:100557.",Yes,"Foa et al. 2002 — optimal total-score cut-off separating OCD from nonanxious controls (sensitivity 65.6%, specificity 63.9%). The paper disagrees with itself here: Table 9 prints 63.4% while the p.492 text prints 63.9%. The TEXT is followed, against the usual table-beats-prose rule, because it is arithmetically corroborated and the table is not: the same sentence gives the raw counts (141 of 215 OCs, 305 of 477 NACs), and 305/477 = 63.94%, whereas 63.4% would require 302.42 controls. Every other specificity in that column maps onto a whole number of 477; only 63.4 does not. Verified 2026-08-04 by scripts/diff_ocir.py against both source PDFs; 116/116 assertions pass."
ocir,Obsessive-Compulsive Inventory-Revised (OCI-R),Total,≥ 18,Optimal vs anxious controls,,74%,75.2%,OCD,clinical controls,"Clinical diagnosis (OCD, Y-BOCS); SCID-IV (anxious controls)",215,243,"US anxiety clinic adults (CTSA, Philadelphia); controls had GSP or PTSD",printed,"Foa EB, Huppert JD, Leiberg S, Langner R, Kichic R, Hajcak G & Salkovskis PM (2002). The Obsessive-Compulsive Inventory: development and validation of a short version. Psychological Assessment 14(4):485–496. Severity benchmarks and the OCD reference sample: Abramovitch A, Abramowitz JS, Riemann BC & McKay D (2020). Severity benchmarks and contemporary clinical norms for the Obsessive-Compulsive Inventory-Revised (OCI-R). J Obsessive-Compulsive Relat Disord 27:100557.",Yes,"Foa et al. 2002, Table 9 — optimal total-score cut-off separating OCD from ANXIOUS controls, i.e. when the question is OCD versus another anxiety disorder (sensitivity 74.0%, specificity 75.2%). The authors advise using this one with caution. Verified 2026-08-04 by scripts/diff_ocir.py against both source PDFs; 116/116 assertions pass."
ocir,Obsessive-Compulsive Inventory-Revised (OCI-R),Obsessing subscale,≥ 4,Optimal vs nonanxious controls,yes,74.4%,76.1%,OCD,non-clinical controls,"Clinical diagnosis (expert clinician, Y-BOCS)",215,477,"US anxiety clinic adults (CTSA, Philadelphia) vs US undergraduates",printed,"Foa EB, Huppert JD, Leiberg S, Langner R, Kichic R, Hajcak G & Salkovskis PM (2002). The Obsessive-Compulsive Inventory: development and validation of a short version. Psychological Assessment 14(4):485–496. Severity benchmarks and the OCD reference sample: Abramovitch A, Abramowitz JS, Riemann BC & McKay D (2020). Severity benchmarks and contemporary clinical norms for the Obsessive-Compulsive Inventory-Revised (OCI-R). J Obsessive-Compulsive Relat Disord 27:100557.",Yes,"Foa et al. 2002, Table 9 — the Obsessing subscale separated OCD from nonanxious controls BETTER than the total score did (AUC .81 vs .70): sensitivity 74.4%, specificity 76.1%. Verified 2026-08-04 by scripts/diff_ocir.py against both source PDFs; 116/116 assertions pass."
ocir,Obsessive-Compulsive Inventory-Revised (OCI-R),Obsessing subscale,≥ 5,Optimal vs anxious controls,,68.8%,72.7%,OCD,clinical controls,"Clinical diagnosis (OCD, Y-BOCS); SCID-IV (anxious controls)",215,243,"US anxiety clinic adults (CTSA, Philadelphia); controls had GSP or PTSD",printed,"Foa EB, Huppert JD, Leiberg S, Langner R, Kichic R, Hajcak G & Salkovskis PM (2002). The Obsessive-Compulsive Inventory: development and validation of a short version. Psychological Assessment 14(4):485–496. Severity benchmarks and the OCD reference sample: Abramovitch A, Abramowitz JS, Riemann BC & McKay D (2020). Severity benchmarks and contemporary clinical norms for the Obsessive-Compulsive Inventory-Revised (OCI-R). J Obsessive-Compulsive Relat Disord 27:100557.",Yes,"Foa et al. 2002, Table 9 — Obsessing cut-off versus anxious controls (sensitivity 68.8%, specificity 72.7%). Verified 2026-08-04 by scripts/diff_ocir.py against both source PDFs; 116/116 assertions pass."
ocir,Obsessive-Compulsive Inventory-Revised (OCI-R),"OCI-HD (hoarding items 1/7/13, 0-12)",>= 6,Optimal vs everyone else in the study (hoarding disorder),,92%,93%,Hoarding disorder,mixed,Clinician interview (HRS-I against proposed DSM-5 criteria; ADIS-IV for OCD),201,273,"US adults (Institute of Living, Hartford), existing research data",printed,"Wootton BM, Diefenbach GJ, Bragdon LB, Steketee G, Frost RO & Tolin DF (2015). A contemporary psychometric evaluation of the Obsessive Compulsive Inventory-Revised (OCI-R). Psychological Assessment 27(3):874-882.",Yes,"Wootton et al. 2015 Table 3. AUC .97, PPV .91, NPV .94, 93% correctly classified. DSM-5 SECOND LENS, not the OCI-R verdict. Note the control group was screened free of any current or past disorder, which flatters every figure here. Verified 2026-08-05 by scripts/diff_ocir_wootton.py, which also asserts that Table 3 reproduces the hoarding group's published mean and SD within rounding - the gate that licenses the distribution drawn on this scale."
ocir,Obsessive-Compulsive Inventory-Revised (OCI-R),"OCI-OCD (the other 15 items, 0-60)",>= 12,Optimal vs everyone else in the study (OCD),,82%,83%,OCD,mixed,Clinician interview (ADIS-IV; HRS-I for hoarding),118,356,"US adults (Institute of Living, Hartford), existing research data",printed,"Wootton BM, Diefenbach GJ, Bragdon LB, Steketee G, Frost RO & Tolin DF (2015). A contemporary psychometric evaluation of the Obsessive Compulsive Inventory-Revised (OCI-R). Psychological Assessment 27(3):874-882.",Yes,"Wootton et al. 2015 Table 4. AUC .91, but PPV only .61 at a 25% base rate, so a positive screen was wrong about two times in five. DSM-5 SECOND LENS, not the OCI-R verdict. NO DISTRIBUTION is drawn from Table 4: sampling its printed values inside their rounding envelope cannot reach the OCD mean 23.94 (max 23.77) or SD 12.11 (max 11.71), and its rows 51-56 duplicate rows 41-46, printing a sensitivity that rises after reaching 0.00. Verified 2026-08-05 by scripts/diff_ocir_wootton.py, which asserts the failure so a corrected reprint reopens it."
phq9,Patient Health Questionnaire-9 (Depression),Total,≥ 10,Major depression,yes,88%,88%,Major depression,population sample,Structured interview (MHP),41,539,US primary care adults,printed,"Kroenke K, Spitzer RL, Williams JBW (2001). The PHQ-9. J Gen Intern Med 16:606–613.",Yes,Kroenke 2001 Table 3: 580 primary-care patients against a structured interview by a mental health professional. Checked 2026-09-29.
wurs_self,"Wender Utah Rating Scale (25-item, self-report)",Total,≥ 30,ADHD vs non-clinical controls,yes,91%,92%,Adult ADHD,non-clinical controls,"Clinician diagnosis (DSM-IV, intake psychiatrist and social worker interviews, later chart review)",137,120,Utah adults presenting for ADHD treatment or clinical trials; community controls from the WRAADDS norming sample,printed,Gift et al. (2021),,ROC AUC 0.974; logistic-regression figures. Added 2026-09-24 from registry.js; not yet checked against the paper for this log.
wurs_observer,"Wender Utah Rating Scale (25-item, observer report)",Total,≥ 30,ADHD vs non-clinical controls,yes,91%,92%,Adult ADHD,non-clinical controls,"Clinician diagnosis (DSM-IV, intake psychiatrist and social worker interviews, later chart review)",137,120,Utah adults presenting for ADHD treatment or clinical trials; community controls from the WRAADDS norming sample,printed,Gift et al. (2021),,Self-report figures reused; the WURS-25 has no observer-specific norms. Added 2026-09-24 from registry.js; not yet checked against the paper for this log.
gad7,Generalised Anxiety Disorder-7,Total,≥ 10,Generalised anxiety disorder,yes,89%,82%,Generalised anxiety disorder,population sample,Structured interview (MHP),73,892,US primary care adults,printed,"Spitzer RL, Kroenke K, Williams JBW & Löwe B (2006). A brief measure for assessing generalized anxiety disorder: the GAD-7. Arch Intern Med 166:1092–1097.",Yes,Table 1: 965 primary-care patients against a structured interview by a mental health professional. Checked 2026-09-29.
gad7,Generalised Anxiety Disorder-7,Total,≥ 15,Generalised anxiety disorder (high specificity),,48%,95%,Generalised anxiety disorder,population sample,Structured interview (MHP),73,892,US primary care adults,printed,"Spitzer RL, Kroenke K, Williams JBW & Löwe B (2006). A brief measure for assessing generalized anxiety disorder: the GAD-7. Arch Intern Med 166:1092–1097.",Yes,"Table 1, same sample. Checked 2026-09-29."
sci,Sleep Condition Indicator (SCI-08),Total,≤ 16,Probable insomnia disorder,yes,89%,82%,Probable insomnia disorder,population sample,Questionnaire (ISI 15+),27,228,"UK adults, Glasgow Science Centre visitors",printed,"Espie CA, Kyle SD, Hames P, Gardani M, Fleming L & Cape J (2014). The Sleep Condition Indicator: a clinical screening tool to evaluate insomnia disorder. BMJ Open 4:e004183.",Yes,"Concurrent validity only: against the ISI (15+ = probable insomnia disorder, n=27 vs 228), not a clinical diagnosis; the authors state discriminant validity against diagnosis was not tested. Checked 2026-09-29."
